<?xml version="1.0" encoding="UTF-8" standalone="yes"?>
<accordo-servizio-parte-specifica xmlns="http://www.openspcoop2.org/core/registry" tipo="modipa" nome="gateway" versione="1" accordo-servizio-parte-comune="modipa/@OPENSPCOOP2_NOME_SOGGETTO_DEFAULT@:gateway:1" tipologia-servizio="normale" ora-registrazione="2025-02-20T15:42:38.531+01:00" descrizione="">
    <configurazione-servizio>
        <connettore tipo="disabilitato" nome="CNT_modipa/@OPENSPCOOP2_NOME_SOGGETTO@_modipa/gateway/1"/>
    </configurazione-servizio>
    <protocol-property name="modipaSecurityMessageRestRequestX509Cert" value="x5c"/>
    <protocol-property name="modipaTruststoreMode" value="ridefinisci"/>
    <protocol-property name="modipaSslTruststoreMode" value="default"/>
    <protocol-property name="modipaSecurityMessageRequestIatMode" value="default"/>
    <protocol-property name="modipaSecurityMessageRequestIatTtl"/>
    <protocol-property name="modipaSecurityMessageRequestAud" value="https://@GATEWAY_ID_AMBIENTE@/govway/rest/in/FSE/gateway/v1"/>
    <protocol-property name="modipaTruststoreType" value="jks"/>
    <protocol-property name="modipaTruststorePath" value="/etc/govway/truststore/@GATEWAY_TRUSTSTORE_PATH@"/>
    <protocol-property name="modipaTruststorePassword" value="@GATEWAY_TRUSTSTORE_PASSWORD@"/>
    <protocol-property name="modipaTruststoreOCSP"/>
    <protocol-property name="modipaTruststoreCRLs"/>
    <protocol-property name="modipaSslTruststoreType" value="jks"/>
    <protocol-property name="modipaSslTruststorePath"/>
    <protocol-property name="modipaSslTruststorePassword"/>
    <protocol-property name="modipaSslTruststoreOCSP"/>
    <protocol-property name="modipaSslTruststoreCRLs"/>
    <proprieta-oggetto utente-richiedente="amministratore" data-creazione="2025-02-20T15:42:38.477+01:00" utente-ultima-modifica="amministratore" data-ultima-modifica="2025-02-24T22:50:59.685+01:00"/>
</accordo-servizio-parte-specifica>
