<?xml version="1.0" encoding="UTF-8"?>
<openspcoop2 xmlns="http://www.openspcoop2.org/protocol/information_missing">

	<wizard step="4" step-in-delete="1" descrizione="FSE 2.0 - Gateway Distribuito" intestazione-originale="false" >
                <requisiti>
                        <protocollo nome="modipa"/>
                </requisiti>
        </wizard> 

	<operazione>

		<soggetto tipo="RIFERIMENTO" descrizione="Soggetto"
			  protocollo="modipa" tipo-pdd="operativo" >
			<replace-match>
				<nome tipo="EMPTY" />
				<tipo tipo="EQUALS" valore="modipa" />
			</replace-match>
			<header>
				<item tipo="note" valore="Selezionare il soggetto del dominio interno"/>
			</header>
		</soggetto>

	</operazione>

	<operazione>

		<input descrizione="Erogazione servizio gateway">

			<proprieta use-in-delete="false" placeholder="GATEWAY_TRUSTSTORE_PATH" nome="Nome Truststore" default="trustStore.jks" >
				<header>
					<item tipo="subtitle" label="Validazione dei token FSE"/>
					<item tipo="note" valore="Indicare un truststore contenente la CA del Ministero Salute"/>
				</header>
			</proprieta>
			<proprieta use-in-delete="false" placeholder="GATEWAY_TRUSTSTORE_PASSWORD" nome="Password" default="" />
			<proprieta use-in-delete="false" placeholder="GATEWAY_ID_AMBIENTE" nome="ID Ambiente" default="modipa-val.fse.salute.gov.it" >
				<header>
					<item tipo="note" valore="Modificare l'identificativo rispetto al dominio"/>
					<item tipo="text" valore="- Ambiente di collaudo: modipa-val.fse.salute.gov.it"/>
					<item tipo="text" valore="- Ambiente di produzione: modipa.fse.salute.gov.it"/>
				</header>
			</proprieta>
			<proprieta use-in-delete="false" placeholder="GATEWAY_CAMPO_REGIONE" nome="Codice Regionale" >
				<header>
					<item tipo="note" valore="Indicare i 3 caratteri che identificano la regione."/>
					<item tipo="text" valore="Devono coincidere con i primi 3 caratteri dopo il # presente nel CN del certificato di firma e autenticazione"/>
				</header>
			</proprieta>
			
			<proprieta use-in-delete="false" placeholder="GATEWAY_ENDPOINT" nome="Endpoint" default="http://it-fse-gtw-dispatcher.NAMESPACE-KUBERNATES-GTW.svc.cluster.local:8081/v1" >
				<header>
					<item tipo="subtitle" label="Dispatcher"/>
				</header>
			</proprieta>

		</input>

	</operazione>

	<operazione>

		<input descrizione="Fruizione servizio INI (1/2)">

			<proprieta use-in-delete="false" placeholder="INI_ID_AMBIENTE" nome="ID Ambiente" default="fseservicetest.sanita.finanze.it" >
				<header>
					<item tipo="note" valore="Modificare l'identificativo rispetto al dominio"/>
					<item tipo="text" valore="- Ambiente di collaudo: fseservicetest.sanita.finanze.it"/>
					<item tipo="text" valore="- Ambiente di produzione: fseservice.sanita.finanze.it"/>
				</header>
			</proprieta>
<!-- lasciare solo il nome del file, mentre la directory /etc/govway/truststore è fissa -->
			<proprieta use-in-delete="false" placeholder="INI_TRUSTSTORE_PATH" nome="Nome Truststore" default="trustStoreINI.jks" >
				<header>
					<item tipo="subtitle" label="Autenticazione server"/>
					<item tipo="note" valore="Indicare un truststore contenente la CA del certificato server di INI"/>
				</header>
			</proprieta>
			<proprieta use-in-delete="false" placeholder="INI_TRUSTSTORE_PASSWORD" nome="Password" default="" />
			
			<proprieta use-in-delete="false" placeholder="INI_KEYSTORE_PATH" nome="Nome Keystore" default="" >
				<header>
					<item tipo="subtitle" label="Autenticazione client"/>
					<item tipo="note" valore="Indicare un keystore contenente il certificato tls client rilasciato da INI"/>
				</header>
			</proprieta>
			<proprieta use-in-delete="false" placeholder="INI_KEYSTORE_TYPE" nome="Tipo (pkcs12/jks)" default="jks" />			
			<proprieta use-in-delete="false" placeholder="INI_KEYSTORE_PASSWORD" nome="Password" default="" />

		</input>

	</operazione>

	<operazione>

		<servizio-applicativo tipo="CREDENZIALI_ACCESSO_PDD" descrizione="Fruizione servizio INI (2/2)">
			<replace-match>
				<nome tipo="EQUALS" valore="INI-Client" />
			</replace-match>
			<header>
				<item tipo="note" valore="Indicare 'http-basic' come modalità di autenticazione del microservizio interno interno."/>
				<item tipo="note" valore="Le credenziali indicate devono combaciare con i secrets 'govway-user' e 'govway-password'"/>
				<item tipo="subtitle" label="Credenziali di Accesso"/>
			</header>
			<default>
				<proprieta nome="tipoauthCredenziali" valore="basic"/>
				<proprieta nome="utenteCredenziali" valore="INI-Client"/>
			</default>
		</servizio-applicativo>
		<servizio-applicativo tipo="ALLINEA_CREDENZIALI_PD" descrizione="Allineo tipo di autenticazione nelle porteDelegate riferite">
			<replace-match>
		                <nome tipo="EQUALS" valore="SdIRiceviFile" />
		        </replace-match>
		</servizio-applicativo>

	</operazione>

	<!-- <operazione>

		<servizio-applicativo tipo="CONNETTORE" descrizione="Erogazione Servizio Gateway"
			protocollo="sdi">
		        <replace-match>
		                <nome tipo="ENDS_WITH" valore="/modipa_gateway/v1" />
		        </replace-match>
			<header>
				<item tipo="note" valore="Definire l'endpoint del microservizio interno a cui vengono consegnati i messaggi"/>
				<item tipo="subtitle" label="Connettore"/>
			</header>
			<default>
				<proprieta nome="interfaccia" valore="standard"/>
				<proprieta nome="connettore" valore="http"/>
				<proprieta nome="sbustamento" valore="abilitato"/>
				<proprieta nome="sbustamentoInformazioniProtocolloRichiesta" valore="abilitato"/>
				<proprieta nome="endpointtype" valore="http"/>
				<proprieta nome="endpointtype_ckb" valore="abilitato"/>
				<proprieta nome="endpointtype_https" valore="disabilitato"/>
				<proprieta nome="url" valore="https://..."/>
			</default>
		</servizio-applicativo>

	</operazione>-->

	<operazione>

		<accordo-servizio-parte-comune tipo="STATO_ARCHIVIO" descrizione="StatiAccordiImpostatiAOperativi" stato="operativo">
			<replace-match>
				<nome tipo="ALL" />
			</replace-match>
		</accordo-servizio-parte-comune>


		<accordo-servizio-parte-specifica tipo="STATO_ARCHIVIO" descrizione="StatiAccordiImpostatiAOperativi" stato="operativo">
		        <replace-match>
		                <nome tipo="ALL" />
		        </replace-match>
		</accordo-servizio-parte-specifica>

		<fruitore tipo="STATO_ARCHIVIO" descrizione="StatiAccordiImpostatiAOperativi" stato="operativo">
		        <replace-match>
		                <nome tipo="ALL" />
		        </replace-match>
		</fruitore>

	</operazione>

</openspcoop2>
