<?xml version="1.0" encoding="UTF-8" standalone="yes"?>
<ns2:servizio-applicativo xmlns:ns2="http://www.openspcoop2.org/core/config" nome="modipa_@OPENSPCOOP2_NOME_SOGGETTO@/modipa_gateway/v1" use-as-client="false">
    <ns2:invocazione-servizio sbustamento-soap="disabilitato" sbustamento-informazioni-protocollo="abilitato" get-message="disabilitato" autenticazione="none" invio-per-riferimento="disabilitato" risposta-per-riferimento="disabilitato">
        <ns2:connettore tipo="http" nome="ConnettoreINV_modipa_@OPENSPCOOP2_NOME_SOGGETTO@/modipa_gateway/v1_modipa@OPENSPCOOP2_NOME_SOGGETTO@">
            <ns2:property nome="location" valore="@GATEWAY_ENDPOINT@"/>
        </ns2:connettore>
    </ns2:invocazione-servizio>
    <ns2:risposta-asincrona sbustamento-soap="disabilitato" sbustamento-informazioni-protocollo="abilitato" get-message="disabilitato" autenticazione="none" invio-per-riferimento="disabilitato" risposta-per-riferimento="disabilitato">
        <ns2:connettore tipo="disabilitato" nome="ConnettoreRISP_modipa_@OPENSPCOOP2_NOME_SOGGETTO@/modipa_gateway/v1_modipa@OPENSPCOOP2_NOME_SOGGETTO@"/>
    </ns2:risposta-asincrona>
    <ns2:proprieta-oggetto utente-richiedente="amministratore" data-creazione="2025-02-20T15:42:38.477+01:00" utente-ultima-modifica="amministratore" data-ultima-modifica="2025-02-21T11:18:06.615+01:00"/>
</ns2:servizio-applicativo>
