<?xml version="1.0" encoding="UTF-8" standalone="yes"?>
<accordo-servizio-parte-comune xmlns="http://www.openspcoop2.org/core/registry" service-binding="soap" nome="Delete" profilo-collaborazione="sincrono" formato-specifica="wsdl11" utilizzo-senza-azione="true" filtro-duplicati="disabilitato" conferma-ricezione="disabilitato" consegna-in-ordine="disabilitato" ora-registrazione="2025-02-24T11:37:27.719+01:00" versione="1">
    <soggetto-referente tipo="modipa" nome="@OPENSPCOOP2_NOME_SOGGETTO_DEFAULT@"/>
    <port-type nome="XDSDeletetWS" style="document" profilo-collaborazione="sincrono" filtro-duplicati="abilitato">
        <azione nome="DocumentRegistry_DeleteDocumentSet" profilo-collaborazione="sincrono" filtro-duplicati="abilitato">
            <message-input use="literal" soap-namespace="urn:ihe:iti:xds-b:2010">
                <part name="body" element-name="RemoveObjectsRequest" element-namespace="urn:oasis:names:tc:ebxml-regrep:xsd:lcm:3.0"/>
            </message-input>
            <message-output use="literal" soap-namespace="urn:ihe:iti:xds-b:2010">
                <part name="body" element-name="RegistryResponse" element-namespace="urn:oasis:names:tc:ebxml-regrep:xsd:rs:3.0"/>
            </message-output>
        </azione>
    </port-type>
    <allegato tipo="xsd" file="WsdlTypes_1.xsd" ora-registrazione="2025-02-24T11:37:27.719+01:00"/>
    <allegato tipo="xsd" file="WsdlTypes_2.xsd" ora-registrazione="2025-02-24T11:37:27.719+01:00"/>
    <allegato tipo="xsd" file="WsdlTypes_3.xsd" ora-registrazione="2025-02-24T11:37:27.719+01:00"/>
    <allegato tipo="xsd" file="WsdlTypes_4.xsd" ora-registrazione="2025-02-24T11:37:27.719+01:00"/>
    <allegato tipo="xsd" file="WsdlTypes_5.xsd" ora-registrazione="2025-02-24T11:37:27.719+01:00"/>
    <allegato tipo="xsd" file="WsdlTypes_6.xsd" ora-registrazione="2025-02-24T11:37:27.719+01:00"/>
    <allegato tipo="xsd" file="WsdlTypes_7.xsd" ora-registrazione="2025-02-24T11:37:27.719+01:00"/>
    <protocol-property name="modipaSecurityChannelProfile" value="idac02"/>
    <protocol-property name="modipaSecurityMessageProfile" value="-"/>
    <protocol-property name="modipaSecurityMessageSorgenteToken"/>
    <protocol-property name="modipaSecurityMessageConfig"/>
    <protocol-property name="modipaSecurityMessageRequestDigest" boolean-value="false"/>
    <protocol-property name="modipaSecurityMessageCorniceSicurezza" boolean-value="false"/>
    <protocol-property name="modipaSecurityRequest"/>
    <protocol-property name="modipaSecurityRequestContentType"/>
    <protocol-property name="modipaSecurityResponse"/>
    <protocol-property name="modipaSecurityResponseContentType"/>
    <protocol-property name="modipaSecurityResponseReturnCode"/>
    <protocol-property name="modipaSecurityMessageCorniceSicurezzaPattern"/>
    <protocol-property name="modipaSecurityMessageCorniceSicurezzaSchema"/>
    <protocol-property name="modipaSecurityMessageCorniceSicurezzaOpzionale" boolean-value="false"/>
    <gruppi>
        <gruppo nome="INI"/>
    </gruppi>
    <proprieta-oggetto utente-richiedente="amministratore" data-creazione="2025-02-24T11:37:27.703+01:00"/>
</accordo-servizio-parte-comune>
