[{
  "_id": {
    "$oid": "6537f7006288ed3056817350"
  },
  "key": "GARBAGE",
  "config_items": {
    "cfg-items-retention-day": "5",
    "validated-document-retention-day": "5"
  }
},
{
  "_id": {
    "$oid": "6585b9cfd6e4874c860816b6"
  },
  "key": "GENERIC",
  "config_items": {
    "control-log-persistence-enabled": "false",
    "issuer-cf-cleaning": "false",
    "subject-cleaning": "false",
    "audit-enabled": "false",
    "delete-early-strategy": "false",
    "cfg-items-retention-day": "5",
    "validated-document-retention-day": "5",
    "expiring-date-day": "20",
    "remove-eds-enabled": "true",
    "audit-ini-enabled": "false"
  }
},
{
  "_id": {
    "$oid": "6585b9ebd6e4874c860816b7"
  },
  "key": "INI_CLIENT",
  "config_items": {
    "kpi-log-persistence-enabled": "false",
    "delete-early-strategy": "true",
    "audit-ini-enabled": "false"
  }
},
{
  "_id": {
    "$oid": "67939fb1b5508f49fc99a475"
  },
  "key": "STATUS_MANAGER",
  "config_items": {
    "expiring-date-day": "20"
  }
}]