<?xml version="1.0" encoding="UTF-8" standalone="yes"?>
<accordo-servizio-parte-comune xmlns="http://www.openspcoop2.org/core/registry" service-binding="rest" nome="gateway" descrizione="Handles and enroutes all the CDA validations and/or publications" profilo-collaborazione="sincrono" formato-specifica="openApi3" utilizzo-senza-azione="true" filtro-duplicati="disabilitato" conferma-ricezione="disabilitato" id-collaborazione="disabilitato" id-riferimento-richiesta="disabilitato" consegna-in-ordine="disabilitato" ora-registrazione="2025-02-20T15:30:32.832+01:00" versione="1">
    <soggetto-referente tipo="modipa" nome="@OPENSPCOOP2_NOME_SOGGETTO_DEFAULT@"/>
    <resource nome="POST_documents" descrizione="Pubblica con l'intento di generare nuove risorse FHIR." path="/documents" method="POST" filtro-duplicati="disabilitato" conferma-ricezione="disabilitato" id-collaborazione="disabilitato" id-riferimento-richiesta="disabilitato" consegna-in-ordine="disabilitato">
        <request>
            <representation media-type="multipart/form-data" nome="request_POST__documents_multipart_form-data" representation-type="json">
                <json tipo="request_POST__documents_multipart_form-data"/>
            </representation>
        </request>
        <response descrizione="default" status="-2">
            <representation media-type="application/problem+json" nome="response_POST__documents_default_application_problem+json" representation-type="json">
                <json tipo="ErrorResponseDTO"/>
            </representation>
        </response>
        <response descrizione="Presa in carico eseguita con successo" status="201">
            <representation media-type="application/json" nome="response_POST__documents_201_application_json" representation-type="json">
                <json tipo="PublicationResDTO"/>
            </representation>
        </response>
        <response descrizione="Bad Request" status="400">
            <representation media-type="application/problem+json" nome="response_POST__documents_400_application_problem+json" representation-type="json">
                <json tipo="ErrorResponseDTO"/>
            </representation>
        </response>
        <response descrizione="Unauthorized" status="401">
            <representation media-type="application/problem+json" nome="response_POST__documents_401_application_problem+json" representation-type="json">
                <json tipo="ErrorResponseDTO"/>
            </representation>
        </response>
        <response descrizione="Token jwt mancante o non valido" status="403">
            <representation media-type="application/problem+json" nome="response_POST__documents_403_application_problem+json" representation-type="json">
                <json tipo="ErrorResponseDTO"/>
            </representation>
        </response>
        <response descrizione="Not found" status="404">
            <representation media-type="application/problem+json" nome="response_POST__documents_404_application_problem+json" representation-type="json">
                <json tipo="ErrorResponseDTO"/>
            </representation>
        </response>
        <response descrizione="Conflict" status="409">
            <representation media-type="application/problem+json" nome="response_POST__documents_409_application_problem+json" representation-type="json">
                <json tipo="ErrorResponseDTO"/>
            </representation>
        </response>
        <response descrizione="Payload too large" status="413">
            <representation media-type="application/problem+json" nome="response_POST__documents_413_application_problem+json" representation-type="json">
                <json tipo="ErrorResponseDTO"/>
            </representation>
        </response>
        <response descrizione="Unsupported media type" status="415">
            <representation media-type="application/problem+json" nome="response_POST__documents_415_application_problem+json" representation-type="json">
                <json tipo="ErrorResponseDTO"/>
            </representation>
        </response>
        <response descrizione="Too Many Requests" status="429">
            <representation media-type="application/problem+json" nome="response_POST__documents_429_application_problem+json" representation-type="json">
                <json tipo="ErrorResponseDTO"/>
            </representation>
        </response>
        <response descrizione="Internal Server Error" status="500">
            <representation media-type="application/problem+json" nome="response_POST__documents_500_application_problem+json" representation-type="json">
                <json tipo="ErrorResponseDTO"/>
            </representation>
        </response>
        <response descrizione="Invalid response received from the API Implementation" status="502">
            <representation media-type="application/problem+json" nome="response_POST__documents_502_application_problem+json" representation-type="json">
                <json tipo="ErrorResponseDTO"/>
            </representation>
        </response>
        <response descrizione="Service unavailable" status="503">
            <representation media-type="application/problem+json" nome="response_POST__documents_503_application_problem+json" representation-type="json">
                <json tipo="ErrorResponseDTO"/>
            </representation>
        </response>
        <response descrizione="Endpoint request timed-out" status="504">
            <representation media-type="application/problem+json" nome="response_POST__documents_504_application_problem+json" representation-type="json">
                <json tipo="ErrorResponseDTO"/>
            </representation>
        </response>
    </resource>
    <resource nome="DELETE_documents.idDoc" descrizione="Elimina il documento identificato da oid fornito in input." path="/documents/{idDoc}" method="DELETE" filtro-duplicati="disabilitato" conferma-ricezione="disabilitato" id-collaborazione="disabilitato" id-riferimento-richiesta="disabilitato" consegna-in-ordine="disabilitato">
        <request>
            <parameter nome="idDoc" parameter-type="dynamicPath" required="true" tipo="string" restrizioni="type=string; minLength=1; maxLength=256; style=simple; explode=false"/>
        </request>
        <response descrizione="default" status="-2">
            <representation media-type="application/problem+json" nome="response_DELETE__documents_{idDoc}_default_application_problem+json" representation-type="json">
                <json tipo="ErrorResponseDTO"/>
            </representation>
        </response>
        <response descrizione="Cancellazione eseguita con successo" status="200">
            <representation media-type="application/json" nome="response_DELETE__documents_{idDoc}_200_application_json" representation-type="json">
                <json tipo="ResponseWifDTO"/>
            </representation>
        </response>
        <response descrizione="Bad Request" status="400">
            <representation media-type="application/problem+json" nome="response_DELETE__documents_{idDoc}_400_application_problem+json" representation-type="json">
                <json tipo="ErrorResponseDTO"/>
            </representation>
        </response>
        <response descrizione="Unauthorized" status="401">
            <representation media-type="application/problem+json" nome="response_DELETE__documents_{idDoc}_401_application_problem+json" representation-type="json">
                <json tipo="ErrorResponseDTO"/>
            </representation>
        </response>
        <response descrizione="Token jwt mancante o non valido" status="403">
            <representation media-type="application/problem+json" nome="response_DELETE__documents_{idDoc}_403_application_problem+json" representation-type="json">
                <json tipo="ErrorResponseDTO"/>
            </representation>
        </response>
        <response descrizione="Not found" status="404">
            <representation media-type="application/problem+json" nome="response_DELETE__documents_{idDoc}_404_application_problem+json" representation-type="json">
                <json tipo="ErrorResponseDTO"/>
            </representation>
        </response>
        <response descrizione="Conflict" status="409">
            <representation media-type="application/problem+json" nome="response_DELETE__documents_{idDoc}_409_application_problem+json" representation-type="json">
                <json tipo="ErrorResponseDTO"/>
            </representation>
        </response>
        <response descrizione="Payload too large" status="413">
            <representation media-type="application/problem+json" nome="response_DELETE__documents_{idDoc}_413_application_problem+json" representation-type="json">
                <json tipo="ErrorResponseDTO"/>
            </representation>
        </response>
        <response descrizione="Too Many Requests" status="429">
            <representation media-type="application/problem+json" nome="response_DELETE__documents_{idDoc}_429_application_problem+json" representation-type="json">
                <json tipo="ErrorResponseDTO"/>
            </representation>
        </response>
        <response descrizione="Internal Server Error" status="500">
            <representation media-type="application/problem+json" nome="response_DELETE__documents_{idDoc}_500_application_problem+json" representation-type="json">
                <json tipo="ErrorResponseDTO"/>
            </representation>
        </response>
        <response descrizione="Invalid response received from the API Implementation" status="502">
            <representation media-type="application/problem+json" nome="response_DELETE__documents_{idDoc}_502_application_problem+json" representation-type="json">
                <json tipo="ErrorResponseDTO"/>
            </representation>
        </response>
        <response descrizione="Service unavailable" status="503">
            <representation media-type="application/problem+json" nome="response_DELETE__documents_{idDoc}_503_application_problem+json" representation-type="json">
                <json tipo="ErrorResponseDTO"/>
            </representation>
        </response>
        <response descrizione="Endpoint request timed-out" status="504">
            <representation media-type="application/problem+json" nome="response_DELETE__documents_{idDoc}_504_application_problem+json" representation-type="json">
                <json tipo="ErrorResponseDTO"/>
            </representation>
        </response>
    </resource>
    <resource nome="PUT_documents.idDoc" descrizione="Sostituisce il documento identificato da oid fornito in input." path="/documents/{idDoc}" method="PUT" filtro-duplicati="disabilitato" conferma-ricezione="disabilitato" id-collaborazione="disabilitato" id-riferimento-richiesta="disabilitato" consegna-in-ordine="disabilitato">
        <request>
            <parameter nome="idDoc" parameter-type="dynamicPath" required="true" tipo="string" restrizioni="type=string; minLength=1; maxLength=256; style=simple; explode=false"/>
            <representation media-type="multipart/form-data" nome="request_PUT__documents_{idDoc}_multipart_form-data" representation-type="json">
                <json tipo="request_PUT__documents_{idDoc}_multipart_form-data"/>
            </representation>
        </request>
        <response descrizione="default" status="-2">
            <representation media-type="application/problem+json" nome="response_PUT__documents_{idDoc}_default_application_problem+json" representation-type="json">
                <json tipo="ErrorResponseDTO"/>
            </representation>
        </response>
        <response descrizione="Presa in carico eseguita con successo" status="200">
            <representation media-type="application/json" nome="response_PUT__documents_{idDoc}_200_application_json" representation-type="json">
                <json tipo="PublicationResDTO"/>
            </representation>
        </response>
        <response descrizione="Bad Request" status="400">
            <representation media-type="application/problem+json" nome="response_PUT__documents_{idDoc}_400_application_problem+json" representation-type="json">
                <json tipo="ErrorResponseDTO"/>
            </representation>
        </response>
        <response descrizione="Unauthorized" status="401">
            <representation media-type="application/problem+json" nome="response_PUT__documents_{idDoc}_401_application_problem+json" representation-type="json">
                <json tipo="ErrorResponseDTO"/>
            </representation>
        </response>
        <response descrizione="Token jwt mancante o non valido" status="403">
            <representation media-type="application/problem+json" nome="response_PUT__documents_{idDoc}_403_application_problem+json" representation-type="json">
                <json tipo="ErrorResponseDTO"/>
            </representation>
        </response>
        <response descrizione="Not found" status="404">
            <representation media-type="application/problem+json" nome="response_PUT__documents_{idDoc}_404_application_problem+json" representation-type="json">
                <json tipo="ErrorResponseDTO"/>
            </representation>
        </response>
        <response descrizione="Conflict" status="409">
            <representation media-type="application/problem+json" nome="response_PUT__documents_{idDoc}_409_application_problem+json" representation-type="json">
                <json tipo="ErrorResponseDTO"/>
            </representation>
        </response>
        <response descrizione="Payload too large" status="413">
            <representation media-type="application/problem+json" nome="response_PUT__documents_{idDoc}_413_application_problem+json" representation-type="json">
                <json tipo="ErrorResponseDTO"/>
            </representation>
        </response>
        <response descrizione="Unsupported media type" status="415">
            <representation media-type="application/problem+json" nome="response_PUT__documents_{idDoc}_415_application_problem+json" representation-type="json">
                <json tipo="ErrorResponseDTO"/>
            </representation>
        </response>
        <response descrizione="Too Many Requests" status="429">
            <representation media-type="application/problem+json" nome="response_PUT__documents_{idDoc}_429_application_problem+json" representation-type="json">
                <json tipo="ErrorResponseDTO"/>
            </representation>
        </response>
        <response descrizione="Internal Server Error" status="500">
            <representation media-type="application/problem+json" nome="response_PUT__documents_{idDoc}_500_application_problem+json" representation-type="json">
                <json tipo="ErrorResponseDTO"/>
            </representation>
        </response>
        <response descrizione="Invalid response received from the API Implementation" status="502">
            <representation media-type="application/problem+json" nome="response_PUT__documents_{idDoc}_502_application_problem+json" representation-type="json">
                <json tipo="ErrorResponseDTO"/>
            </representation>
        </response>
        <response descrizione="Service unavailable" status="503">
            <representation media-type="application/problem+json" nome="response_PUT__documents_{idDoc}_503_application_problem+json" representation-type="json">
                <json tipo="ErrorResponseDTO"/>
            </representation>
        </response>
        <response descrizione="Endpoint request timed-out" status="504">
            <representation media-type="application/problem+json" nome="response_PUT__documents_{idDoc}_504_application_problem+json" representation-type="json">
                <json tipo="ErrorResponseDTO"/>
            </representation>
        </response>
    </resource>
    <resource nome="PUT_documents.idDoc.metadata" descrizione="Pubblicazione aggiornamento metadati dato l'identificativo documento." path="/documents/{idDoc}/metadata" method="PUT" filtro-duplicati="disabilitato" conferma-ricezione="disabilitato" id-collaborazione="disabilitato" id-riferimento-richiesta="disabilitato" consegna-in-ordine="disabilitato">
        <request>
            <parameter nome="idDoc" parameter-type="dynamicPath" required="true" tipo="string" restrizioni="type=string; minLength=1; maxLength=256; style=simple; explode=false"/>
            <representation media-type="application/json" nome="PublicationMetadataReqDTO" representation-type="json">
                <json tipo="PublicationMetadataReqDTO"/>
            </representation>
        </request>
        <response descrizione="default" status="-2">
            <representation media-type="application/problem+json" nome="response_PUT__documents_{idDoc}_metadata_default_application_problem+json" representation-type="json">
                <json tipo="ErrorResponseDTO"/>
            </representation>
        </response>
        <response descrizione="Aggiornamento eseguito con successo" status="200">
            <representation media-type="application/json" nome="response_PUT__documents_{idDoc}_metadata_200_application_json" representation-type="json">
                <json tipo="ResponseWifDTO"/>
            </representation>
        </response>
        <response descrizione="Bad Request" status="400">
            <representation media-type="application/problem+json" nome="response_PUT__documents_{idDoc}_metadata_400_application_problem+json" representation-type="json">
                <json tipo="ErrorResponseDTO"/>
            </representation>
        </response>
        <response descrizione="Unauthorized" status="401">
            <representation media-type="application/problem+json" nome="response_PUT__documents_{idDoc}_metadata_401_application_problem+json" representation-type="json">
                <json tipo="ErrorResponseDTO"/>
            </representation>
        </response>
        <response descrizione="Token jwt mancante o non valido" status="403">
            <representation media-type="application/problem+json" nome="response_PUT__documents_{idDoc}_metadata_403_application_problem+json" representation-type="json">
                <json tipo="ErrorResponseDTO"/>
            </representation>
        </response>
        <response descrizione="Not found" status="404">
            <representation media-type="application/problem+json" nome="response_PUT__documents_{idDoc}_metadata_404_application_problem+json" representation-type="json">
                <json tipo="ErrorResponseDTO"/>
            </representation>
        </response>
        <response descrizione="Conflict" status="409">
            <representation media-type="application/problem+json" nome="response_PUT__documents_{idDoc}_metadata_409_application_problem+json" representation-type="json">
                <json tipo="ErrorResponseDTO"/>
            </representation>
        </response>
        <response descrizione="Payload too large" status="413">
            <representation media-type="application/problem+json" nome="response_PUT__documents_{idDoc}_metadata_413_application_problem+json" representation-type="json">
                <json tipo="ErrorResponseDTO"/>
            </representation>
        </response>
        <response descrizione="Too Many Requests" status="429">
            <representation media-type="application/problem+json" nome="response_PUT__documents_{idDoc}_metadata_429_application_problem+json" representation-type="json">
                <json tipo="ErrorResponseDTO"/>
            </representation>
        </response>
        <response descrizione="Internal Server Error" status="500">
            <representation media-type="application/problem+json" nome="response_PUT__documents_{idDoc}_metadata_500_application_problem+json" representation-type="json">
                <json tipo="ErrorResponseDTO"/>
            </representation>
        </response>
        <response descrizione="Invalid response received from the API Implementation" status="502">
            <representation media-type="application/problem+json" nome="response_PUT__documents_{idDoc}_metadata_502_application_problem+json" representation-type="json">
                <json tipo="ErrorResponseDTO"/>
            </representation>
        </response>
        <response descrizione="Service unavailable" status="503">
            <representation media-type="application/problem+json" nome="response_PUT__documents_{idDoc}_metadata_503_application_problem+json" representation-type="json">
                <json tipo="ErrorResponseDTO"/>
            </representation>
        </response>
        <response descrizione="Endpoint request timed-out" status="504">
            <representation media-type="application/problem+json" nome="response_PUT__documents_{idDoc}_metadata_504_application_problem+json" representation-type="json">
                <json tipo="ErrorResponseDTO"/>
            </representation>
        </response>
    </resource>
    <resource nome="PUT_documents.idDoc.metadata-iti-57" descrizione="Pubblicazione aggiornamento metadati dato l'identificativo documento." path="/documents/{idDoc}/metadata-iti-57" method="PUT" filtro-duplicati="disabilitato" conferma-ricezione="disabilitato" id-collaborazione="disabilitato" id-riferimento-richiesta="disabilitato" consegna-in-ordine="disabilitato">
        <request>
            <parameter nome="idDoc" parameter-type="dynamicPath" required="true" tipo="string" restrizioni="type=string; minLength=1; maxLength=256; style=simple; explode=false"/>
            <representation media-type="application/json" nome="PublicationMetadataReqDTO" representation-type="json">
                <json tipo="PublicationMetadataReqDTO"/>
            </representation>
        </request>
        <response descrizione="default" status="-2">
            <representation media-type="application/problem+json" nome="response_PUT__documents_{idDoc}_metadata-iti-57_default_application_problem+json" representation-type="json">
                <json tipo="ErrorResponseDTO"/>
            </representation>
        </response>
        <response descrizione="Aggiornamento eseguito con successo" status="200">
            <representation media-type="application/json" nome="response_PUT__documents_{idDoc}_metadata-iti-57_200_application_json" representation-type="json">
                <json tipo="ResponseWifDTO"/>
            </representation>
        </response>
        <response descrizione="Bad Request" status="400">
            <representation media-type="application/problem+json" nome="response_PUT__documents_{idDoc}_metadata-iti-57_400_application_problem+json" representation-type="json">
                <json tipo="ErrorResponseDTO"/>
            </representation>
        </response>
        <response descrizione="Unauthorized" status="401">
            <representation media-type="application/problem+json" nome="response_PUT__documents_{idDoc}_metadata-iti-57_401_application_problem+json" representation-type="json">
                <json tipo="ErrorResponseDTO"/>
            </representation>
        </response>
        <response descrizione="Token jwt mancante o non valido" status="403">
            <representation media-type="application/problem+json" nome="response_PUT__documents_{idDoc}_metadata-iti-57_403_application_problem+json" representation-type="json">
                <json tipo="ErrorResponseDTO"/>
            </representation>
        </response>
        <response descrizione="Not found" status="404">
            <representation media-type="application/problem+json" nome="response_PUT__documents_{idDoc}_metadata-iti-57_404_application_problem+json" representation-type="json">
                <json tipo="ErrorResponseDTO"/>
            </representation>
        </response>
        <response descrizione="Conflict" status="409">
            <representation media-type="application/problem+json" nome="response_PUT__documents_{idDoc}_metadata-iti-57_409_application_problem+json" representation-type="json">
                <json tipo="ErrorResponseDTO"/>
            </representation>
        </response>
        <response descrizione="Payload too large" status="413">
            <representation media-type="application/problem+json" nome="response_PUT__documents_{idDoc}_metadata-iti-57_413_application_problem+json" representation-type="json">
                <json tipo="ErrorResponseDTO"/>
            </representation>
        </response>
        <response descrizione="Too Many Requests" status="429">
            <representation media-type="application/problem+json" nome="response_PUT__documents_{idDoc}_metadata-iti-57_429_application_problem+json" representation-type="json">
                <json tipo="ErrorResponseDTO"/>
            </representation>
        </response>
        <response descrizione="Internal Server Error" status="500">
            <representation media-type="application/problem+json" nome="response_PUT__documents_{idDoc}_metadata-iti-57_500_application_problem+json" representation-type="json">
                <json tipo="ErrorResponseDTO"/>
            </representation>
        </response>
        <response descrizione="Invalid response received from the API Implementation" status="502">
            <representation media-type="application/problem+json" nome="response_PUT__documents_{idDoc}_metadata-iti-57_502_application_problem+json" representation-type="json">
                <json tipo="ErrorResponseDTO"/>
            </representation>
        </response>
        <response descrizione="Service unavailable" status="503">
            <representation media-type="application/problem+json" nome="response_PUT__documents_{idDoc}_metadata-iti-57_503_application_problem+json" representation-type="json">
                <json tipo="ErrorResponseDTO"/>
            </representation>
        </response>
        <response descrizione="Endpoint request timed-out" status="504">
            <representation media-type="application/problem+json" nome="response_PUT__documents_{idDoc}_metadata-iti-57_504_application_problem+json" representation-type="json">
                <json tipo="ErrorResponseDTO"/>
            </representation>
        </response>
    </resource>
    <resource nome="POST_documents.validate-and-create" descrizione="Pubblica con l'intento di generare nuove risorse FHIR." path="/documents/validate-and-create" method="POST" filtro-duplicati="disabilitato" conferma-ricezione="disabilitato" id-collaborazione="disabilitato" id-riferimento-richiesta="disabilitato" consegna-in-ordine="disabilitato">
        <request>
            <representation media-type="multipart/form-data" nome="request_POST__documents_validate-and-create_multipart_form-data" representation-type="json">
                <json tipo="request_POST__documents_validate-and-create_multipart_form-data"/>
            </representation>
        </request>
        <response descrizione="default" status="-2">
            <representation media-type="application/problem+json" nome="response_POST__documents_validate-and-create_default_application_problem+json" representation-type="json">
                <json tipo="ErrorResponseDTO"/>
            </representation>
        </response>
        <response descrizione="Presa in carico eseguita con successo" status="201">
            <representation media-type="application/json" nome="response_POST__documents_validate-and-create_201_application_json" representation-type="json">
                <json tipo="PublicationResDTO"/>
            </representation>
        </response>
        <response descrizione="Bad Request" status="400">
            <representation media-type="application/problem+json" nome="response_POST__documents_validate-and-create_400_application_problem+json" representation-type="json">
                <json tipo="ValidationErrorResponseDTO"/>
            </representation>
        </response>
        <response descrizione="Unauthorized" status="401">
            <representation media-type="application/problem+json" nome="response_POST__documents_validate-and-create_401_application_problem+json" representation-type="json">
                <json tipo="ValidationErrorResponseDTO"/>
            </representation>
        </response>
        <response descrizione="Token jwt mancante o non valido" status="403">
            <representation media-type="application/problem+json" nome="response_POST__documents_validate-and-create_403_application_problem+json" representation-type="json">
                <json tipo="ValidationErrorResponseDTO"/>
            </representation>
        </response>
        <response descrizione="Not found" status="404">
            <representation media-type="application/problem+json" nome="response_POST__documents_validate-and-create_404_application_problem+json" representation-type="json">
                <json tipo="ValidationErrorResponseDTO"/>
            </representation>
        </response>
        <response descrizione="Conflict" status="409">
            <representation media-type="application/problem+json" nome="response_POST__documents_validate-and-create_409_application_problem+json" representation-type="json">
                <json tipo="ValidationErrorResponseDTO"/>
            </representation>
        </response>
        <response descrizione="Payload too large" status="413">
            <representation media-type="application/problem+json" nome="response_POST__documents_validate-and-create_413_application_problem+json" representation-type="json">
                <json tipo="ValidationErrorResponseDTO"/>
            </representation>
        </response>
        <response descrizione="Unsupported media type" status="415">
            <representation media-type="application/problem+json" nome="response_POST__documents_validate-and-create_415_application_problem+json" representation-type="json">
                <json tipo="ValidationErrorResponseDTO"/>
            </representation>
        </response>
        <response descrizione="Richiesta semanticamente non processabile" status="422">
            <representation media-type="application/problem+json" nome="response_POST__documents_validate-and-create_422_application_problem+json" representation-type="json">
                <json tipo="ValidationErrorResponseDTO"/>
            </representation>
        </response>
        <response descrizione="Too Many Requests" status="429">
            <representation media-type="application/problem+json" nome="response_POST__documents_validate-and-create_429_application_problem+json" representation-type="json">
                <json tipo="ValidationErrorResponseDTO"/>
            </representation>
        </response>
        <response descrizione="Internal Server Error" status="500">
            <representation media-type="application/problem+json" nome="response_POST__documents_validate-and-create_500_application_problem+json" representation-type="json">
                <json tipo="ValidationErrorResponseDTO"/>
            </representation>
        </response>
        <response descrizione="Invalid response received from the API Implementation" status="502">
            <representation media-type="application/problem+json" nome="response_POST__documents_validate-and-create_502_application_problem+json" representation-type="json">
                <json tipo="ValidationErrorResponseDTO"/>
            </representation>
        </response>
        <response descrizione="Service unavailable" status="503">
            <representation media-type="application/problem+json" nome="response_POST__documents_validate-and-create_503_application_problem+json" representation-type="json">
                <json tipo="ValidationErrorResponseDTO"/>
            </representation>
        </response>
        <response descrizione="Endpoint request timed-out" status="504">
            <representation media-type="application/problem+json" nome="response_POST__documents_validate-and-create_504_application_problem+json" representation-type="json">
                <json tipo="ValidationErrorResponseDTO"/>
            </representation>
        </response>
    </resource>
    <resource nome="PUT_documents.validate-and-replace.idDoc" descrizione="Sostituisce il documento identificato da oid fornito in input." path="/documents/validate-and-replace/{idDoc}" method="PUT" filtro-duplicati="disabilitato" conferma-ricezione="disabilitato" id-collaborazione="disabilitato" id-riferimento-richiesta="disabilitato" consegna-in-ordine="disabilitato">
        <request>
            <parameter nome="idDoc" parameter-type="dynamicPath" required="true" tipo="string" restrizioni="type=string; minLength=1; maxLength=256; style=simple; explode=false"/>
            <representation media-type="multipart/form-data" nome="request_PUT__documents_validate-and-replace_{idDoc}_multipart_form-data" representation-type="json">
                <json tipo="request_PUT__documents_validate-and-replace_{idDoc}_multipart_form-data"/>
            </representation>
        </request>
        <response descrizione="default" status="-2">
            <representation media-type="application/problem+json" nome="response_PUT__documents_validate-and-replace_{idDoc}_default_application_problem+json" representation-type="json">
                <json tipo="ErrorResponseDTO"/>
            </representation>
        </response>
        <response descrizione="Presa in carico eseguita con successo" status="200">
            <representation media-type="application/json" nome="response_PUT__documents_validate-and-replace_{idDoc}_200_application_json" representation-type="json">
                <json tipo="PublicationResDTO"/>
            </representation>
        </response>
        <response descrizione="Bad Request" status="400">
            <representation media-type="application/problem+json" nome="response_PUT__documents_validate-and-replace_{idDoc}_400_application_problem+json" representation-type="json">
                <json tipo="ValidationErrorResponseDTO"/>
            </representation>
        </response>
        <response descrizione="Unauthorized" status="401">
            <representation media-type="application/problem+json" nome="response_PUT__documents_validate-and-replace_{idDoc}_401_application_problem+json" representation-type="json">
                <json tipo="ValidationErrorResponseDTO"/>
            </representation>
        </response>
        <response descrizione="Token jwt mancante o non valido" status="403">
            <representation media-type="application/problem+json" nome="response_PUT__documents_validate-and-replace_{idDoc}_403_application_problem+json" representation-type="json">
                <json tipo="ValidationErrorResponseDTO"/>
            </representation>
        </response>
        <response descrizione="Not found" status="404">
            <representation media-type="application/problem+json" nome="response_PUT__documents_validate-and-replace_{idDoc}_404_application_problem+json" representation-type="json">
                <json tipo="ValidationErrorResponseDTO"/>
            </representation>
        </response>
        <response descrizione="Conflict" status="409">
            <representation media-type="application/problem+json" nome="response_PUT__documents_validate-and-replace_{idDoc}_409_application_problem+json" representation-type="json">
                <json tipo="ValidationErrorResponseDTO"/>
            </representation>
        </response>
        <response descrizione="Payload too large" status="413">
            <representation media-type="application/problem+json" nome="response_PUT__documents_validate-and-replace_{idDoc}_413_application_problem+json" representation-type="json">
                <json tipo="ValidationErrorResponseDTO"/>
            </representation>
        </response>
        <response descrizione="Unsupported media type" status="415">
            <representation media-type="application/problem+json" nome="response_PUT__documents_validate-and-replace_{idDoc}_415_application_problem+json" representation-type="json">
                <json tipo="ValidationErrorResponseDTO"/>
            </representation>
        </response>
        <response descrizione="Richiesta semanticamente non processabile" status="422">
            <representation media-type="application/problem+json" nome="response_PUT__documents_validate-and-replace_{idDoc}_422_application_problem+json" representation-type="json">
                <json tipo="ValidationErrorResponseDTO"/>
            </representation>
        </response>
        <response descrizione="Too Many Requests" status="429">
            <representation media-type="application/problem+json" nome="response_PUT__documents_validate-and-replace_{idDoc}_429_application_problem+json" representation-type="json">
                <json tipo="ValidationErrorResponseDTO"/>
            </representation>
        </response>
        <response descrizione="Internal Server Error" status="500">
            <representation media-type="application/problem+json" nome="response_PUT__documents_validate-and-replace_{idDoc}_500_application_problem+json" representation-type="json">
                <json tipo="ValidationErrorResponseDTO"/>
            </representation>
        </response>
        <response descrizione="Invalid response received from the API Implementation" status="502">
            <representation media-type="application/problem+json" nome="response_PUT__documents_validate-and-replace_{idDoc}_502_application_problem+json" representation-type="json">
                <json tipo="ValidationErrorResponseDTO"/>
            </representation>
        </response>
        <response descrizione="Service unavailable" status="503">
            <representation media-type="application/problem+json" nome="response_PUT__documents_validate-and-replace_{idDoc}_503_application_problem+json" representation-type="json">
                <json tipo="ValidationErrorResponseDTO"/>
            </representation>
        </response>
        <response descrizione="Endpoint request timed-out" status="504">
            <representation media-type="application/problem+json" nome="response_PUT__documents_validate-and-replace_{idDoc}_504_application_problem+json" representation-type="json">
                <json tipo="ValidationErrorResponseDTO"/>
            </representation>
        </response>
    </resource>
    <resource nome="POST_documents.validation" descrizione="Valida il CDA iniettato nel PDF fornito in input." path="/documents/validation" method="POST" filtro-duplicati="disabilitato" conferma-ricezione="disabilitato" id-collaborazione="disabilitato" id-riferimento-richiesta="disabilitato" consegna-in-ordine="disabilitato">
        <request>
            <representation media-type="multipart/form-data" nome="request_POST__documents_validation_multipart_form-data" representation-type="json">
                <json tipo="request_POST__documents_validation_multipart_form-data"/>
            </representation>
        </request>
        <response descrizione="default" status="-2">
            <representation media-type="application/problem+json" nome="response_POST__documents_validation_default_application_problem+json" representation-type="json">
                <json tipo="ErrorResponseDTO"/>
            </representation>
        </response>
        <response descrizione="Validazione positiva a seguito di activity verifica" status="200">
            <representation media-type="application/json" nome="response_POST__documents_validation_200_application_json" representation-type="json">
                <json tipo="ValidationResDTO"/>
            </representation>
        </response>
        <response descrizione="Validazione positiva a seguito di activity validation" status="201">
            <representation media-type="application/json" nome="response_POST__documents_validation_201_application_json" representation-type="json">
                <json tipo="ValidationResDTO"/>
            </representation>
        </response>
        <response descrizione="Bad Request" status="400">
            <representation media-type="application/problem+json" nome="response_POST__documents_validation_400_application_problem+json" representation-type="json">
                <json tipo="ValidationErrorResponseDTO"/>
            </representation>
        </response>
        <response descrizione="Unauthorized" status="401">
            <representation media-type="application/problem+json" nome="response_POST__documents_validation_401_application_problem+json" representation-type="json">
                <json tipo="ValidationErrorResponseDTO"/>
            </representation>
        </response>
        <response descrizione="Token jwt mancante o non valido" status="403">
            <representation media-type="application/problem+json" nome="response_POST__documents_validation_403_application_problem+json" representation-type="json">
                <json tipo="ValidationErrorResponseDTO"/>
            </representation>
        </response>
        <response descrizione="Not found" status="404">
            <representation media-type="application/problem+json" nome="response_POST__documents_validation_404_application_problem+json" representation-type="json">
                <json tipo="ValidationErrorResponseDTO"/>
            </representation>
        </response>
        <response descrizione="Conflict" status="409">
            <representation media-type="application/problem+json" nome="response_POST__documents_validation_409_application_problem+json" representation-type="json">
                <json tipo="ValidationErrorResponseDTO"/>
            </representation>
        </response>
        <response descrizione="Payload too large" status="413">
            <representation media-type="application/problem+json" nome="response_POST__documents_validation_413_application_problem+json" representation-type="json">
                <json tipo="ValidationErrorResponseDTO"/>
            </representation>
        </response>
        <response descrizione="Unsupported media type" status="415">
            <representation media-type="application/problem+json" nome="response_POST__documents_validation_415_application_problem+json" representation-type="json">
                <json tipo="ValidationErrorResponseDTO"/>
            </representation>
        </response>
        <response descrizione="Richiesta semanticamente non processabile" status="422">
            <representation media-type="application/problem+json" nome="response_POST__documents_validation_422_application_problem+json" representation-type="json">
                <json tipo="ValidationErrorResponseDTO"/>
            </representation>
        </response>
        <response descrizione="Too Many Requests" status="429">
            <representation media-type="application/problem+json" nome="response_POST__documents_validation_429_application_problem+json" representation-type="json">
                <json tipo="ValidationErrorResponseDTO"/>
            </representation>
        </response>
        <response descrizione="Internal Server Error" status="500">
            <representation media-type="application/problem+json" nome="response_POST__documents_validation_500_application_problem+json" representation-type="json">
                <json tipo="ValidationErrorResponseDTO"/>
            </representation>
        </response>
        <response descrizione="Invalid response received from the API Implementation" status="502">
            <representation media-type="application/problem+json" nome="response_POST__documents_validation_502_application_problem+json" representation-type="json">
                <json tipo="ValidationErrorResponseDTO"/>
            </representation>
        </response>
        <response descrizione="Service unavailable" status="503">
            <representation media-type="application/problem+json" nome="response_POST__documents_validation_503_application_problem+json" representation-type="json">
                <json tipo="ValidationErrorResponseDTO"/>
            </representation>
        </response>
        <response descrizione="Endpoint request timed-out" status="504">
            <representation media-type="application/problem+json" nome="response_POST__documents_validation_504_application_problem+json" representation-type="json">
                <json tipo="ValidationErrorResponseDTO"/>
            </representation>
        </response>
    </resource>
    <resource nome="GET_status" descrizione="Health check endpoint." path="/status" method="GET" filtro-duplicati="disabilitato" conferma-ricezione="disabilitato" id-collaborazione="disabilitato" id-riferimento-richiesta="disabilitato" consegna-in-ordine="disabilitato">
        <request/>
        <response descrizione="default" status="-2">
            <representation media-type="application/problem+json" nome="response_GET__status_default_application_problem+json" representation-type="json">
                <json tipo="ErrorResponseDTO"/>
            </representation>
        </response>
        <response descrizione="Health check OK" status="200">
            <representation media-type="application/problem+json" nome="response_GET__status_200_application_problem+json" representation-type="json">
                <json tipo="response_GET__status_200_application_problem+json"/>
            </representation>
        </response>
        <response descrizione="Internal Server Error" status="500">
            <representation media-type="application/problem+json" nome="response_GET__status_500_application_problem+json" representation-type="json">
                <json tipo="response_GET__status_500_application_problem+json"/>
            </representation>
        </response>
    </resource>
    <resource nome="GET_status.search.traceId" descrizione="Recupera il dettaglio degli eventi tramite il trace id." path="/status/search/{traceId}" method="GET" filtro-duplicati="disabilitato" conferma-ricezione="disabilitato" id-collaborazione="disabilitato" id-riferimento-richiesta="disabilitato" consegna-in-ordine="disabilitato">
        <request>
            <parameter nome="traceId" parameter-type="dynamicPath" required="true" tipo="string" restrizioni="type=string; minLength=1; maxLength=100; style=simple; explode=false"/>
        </request>
        <response descrizione="default" status="-2">
            <representation media-type="application/problem+json" nome="response_GET__status_search_{traceId}_default_application_problem+json" representation-type="json">
                <json tipo="ErrorResponseDTO"/>
            </representation>
        </response>
        <response descrizione="Eventi recuperati con successo" status="200">
            <representation media-type="application/json" nome="response_GET__status_search_{traceId}_200_application_json" representation-type="json">
                <json tipo="TransactionInspectResDTO"/>
            </representation>
        </response>
        <response descrizione="Bad Request" status="400">
            <representation media-type="application/problem+json" nome="response_GET__status_search_{traceId}_400_application_problem+json" representation-type="json">
                <json tipo="ErrorResponseDTO"/>
            </representation>
        </response>
        <response descrizione="Unauthorized" status="401">
            <representation media-type="application/problem+json" nome="response_GET__status_search_{traceId}_401_application_problem+json" representation-type="json">
                <json tipo="ErrorResponseDTO"/>
            </representation>
        </response>
        <response descrizione="Token jwt mancante o non valido" status="403">
            <representation media-type="application/problem+json" nome="response_GET__status_search_{traceId}_403_application_problem+json" representation-type="json">
                <json tipo="ErrorResponseDTO"/>
            </representation>
        </response>
        <response descrizione="Not found" status="404">
            <representation media-type="application/problem+json" nome="response_GET__status_search_{traceId}_404_application_problem+json" representation-type="json">
                <json tipo="ErrorResponseDTO"/>
            </representation>
        </response>
        <response descrizione="Conflict" status="409">
            <representation media-type="application/problem+json" nome="response_GET__status_search_{traceId}_409_application_problem+json" representation-type="json">
                <json tipo="ErrorResponseDTO"/>
            </representation>
        </response>
        <response descrizione="Payload too large" status="413">
            <representation media-type="application/problem+json" nome="response_GET__status_search_{traceId}_413_application_problem+json" representation-type="json">
                <json tipo="ErrorResponseDTO"/>
            </representation>
        </response>
        <response descrizione="Too Many Requests" status="429">
            <representation media-type="application/problem+json" nome="response_GET__status_search_{traceId}_429_application_problem+json" representation-type="json">
                <json tipo="ErrorResponseDTO"/>
            </representation>
        </response>
        <response descrizione="Internal Server Error" status="500">
            <representation media-type="application/problem+json" nome="response_GET__status_search_{traceId}_500_application_problem+json" representation-type="json">
                <json tipo="ErrorResponseDTO"/>
            </representation>
        </response>
        <response descrizione="Invalid response received from the API Implementation" status="502">
            <representation media-type="application/problem+json" nome="response_GET__status_search_{traceId}_502_application_problem+json" representation-type="json">
                <json tipo="ErrorResponseDTO"/>
            </representation>
        </response>
        <response descrizione="Service unavailable" status="503">
            <representation media-type="application/problem+json" nome="response_GET__status_search_{traceId}_503_application_problem+json" representation-type="json">
                <json tipo="ErrorResponseDTO"/>
            </representation>
        </response>
        <response descrizione="Endpoint request timed-out" status="504">
            <representation media-type="application/problem+json" nome="response_GET__status_search_{traceId}_504_application_problem+json" representation-type="json">
                <json tipo="ErrorResponseDTO"/>
            </representation>
        </response>
    </resource>
    <resource nome="GET_status.workflowInstanceId" descrizione="Recupera il dettaglio degli eventi tramite il workflow instance id." path="/status/{workflowInstanceId}" method="GET" filtro-duplicati="disabilitato" conferma-ricezione="disabilitato" id-collaborazione="disabilitato" id-riferimento-richiesta="disabilitato" consegna-in-ordine="disabilitato">
        <request>
            <parameter nome="workflowInstanceId" descrizione="Identificativo del workflow" parameter-type="dynamicPath" required="true" tipo="string" restrizioni="type=string; minLength=0; maxLength=256; style=simple; explode=false"/>
        </request>
        <response descrizione="default" status="-2">
            <representation media-type="application/problem+json" nome="response_GET__status_{workflowInstanceId}_default_application_problem+json" representation-type="json">
                <json tipo="ErrorResponseDTO"/>
            </representation>
        </response>
        <response descrizione="Eventi recuperati con successo" status="200">
            <representation media-type="application/json" nome="response_GET__status_{workflowInstanceId}_200_application_json" representation-type="json">
                <json tipo="TransactionInspectResDTO"/>
            </representation>
        </response>
        <response descrizione="Bad Request" status="400">
            <representation media-type="application/problem+json" nome="response_GET__status_{workflowInstanceId}_400_application_problem+json" representation-type="json">
                <json tipo="ErrorResponseDTO"/>
            </representation>
        </response>
        <response descrizione="Unauthorized" status="401">
            <representation media-type="application/problem+json" nome="response_GET__status_{workflowInstanceId}_401_application_problem+json" representation-type="json">
                <json tipo="ErrorResponseDTO"/>
            </representation>
        </response>
        <response descrizione="Token jwt mancante o non valido" status="403">
            <representation media-type="application/problem+json" nome="response_GET__status_{workflowInstanceId}_403_application_problem+json" representation-type="json">
                <json tipo="ErrorResponseDTO"/>
            </representation>
        </response>
        <response descrizione="Not found" status="404">
            <representation media-type="application/problem+json" nome="response_GET__status_{workflowInstanceId}_404_application_problem+json" representation-type="json">
                <json tipo="ErrorResponseDTO"/>
            </representation>
        </response>
        <response descrizione="Conflict" status="409">
            <representation media-type="application/problem+json" nome="response_GET__status_{workflowInstanceId}_409_application_problem+json" representation-type="json">
                <json tipo="ErrorResponseDTO"/>
            </representation>
        </response>
        <response descrizione="Payload too large" status="413">
            <representation media-type="application/problem+json" nome="response_GET__status_{workflowInstanceId}_413_application_problem+json" representation-type="json">
                <json tipo="ErrorResponseDTO"/>
            </representation>
        </response>
        <response descrizione="Too Many Requests" status="429">
            <representation media-type="application/problem+json" nome="response_GET__status_{workflowInstanceId}_429_application_problem+json" representation-type="json">
                <json tipo="ErrorResponseDTO"/>
            </representation>
        </response>
        <response descrizione="Internal Server Error" status="500">
            <representation media-type="application/problem+json" nome="response_GET__status_{workflowInstanceId}_500_application_problem+json" representation-type="json">
                <json tipo="ErrorResponseDTO"/>
            </representation>
        </response>
        <response descrizione="Invalid response received from the API Implementation" status="502">
            <representation media-type="application/problem+json" nome="response_GET__status_{workflowInstanceId}_502_application_problem+json" representation-type="json">
                <json tipo="ErrorResponseDTO"/>
            </representation>
        </response>
        <response descrizione="Service unavailable" status="503">
            <representation media-type="application/problem+json" nome="response_GET__status_{workflowInstanceId}_503_application_problem+json" representation-type="json">
                <json tipo="ErrorResponseDTO"/>
            </representation>
        </response>
        <response descrizione="Endpoint request timed-out" status="504">
            <representation media-type="application/problem+json" nome="response_GET__status_{workflowInstanceId}_504_application_problem+json" representation-type="json">
                <json tipo="ErrorResponseDTO"/>
            </representation>
        </response>
    </resource>
    <protocol-property name="modipaSecurityChannelProfile" value="idac02"/>
    <protocol-property name="modipaSecurityMessageProfile" value="idam01"/>
    <protocol-property name="modipaSecurityMessageSorgenteToken" value="locale"/>
    <protocol-property name="modipaSecurityMessageHeaderName" value="authorization"/>
    <protocol-property name="modipaSecurityMessageHeaderCustomName"/>
    <protocol-property name="modipaSecurityMessageHeaderCustomMode"/>
    <protocol-property name="modipaSecurityMessageConfig" value="richiesta"/>
    <protocol-property name="modipaSecurityMessageRequestDigest" boolean-value="false"/>
    <protocol-property name="modipaSecurityMessageCorniceSicurezza" boolean-value="false"/>
    <protocol-property name="modipaSecurityRequest"/>
    <protocol-property name="modipaSecurityRequestContentType"/>
    <protocol-property name="modipaSecurityResponse"/>
    <protocol-property name="modipaSecurityResponseContentType"/>
    <protocol-property name="modipaSecurityResponseReturnCode"/>
    <protocol-property name="modipaSecurityMessageCorniceSicurezzaPattern"/>
    <protocol-property name="modipaSecurityMessageCorniceSicurezzaSchema"/>
    <protocol-property name="modipaSecurityMessageCorniceSicurezzaOpzionale" boolean-value="false"/>
    <gruppi>
        <gruppo nome="FSE"/>
    </gruppi>
    <proprieta-oggetto utente-richiedente="amministratore" data-creazione="2025-02-20T15:30:32.779+01:00"/>
</accordo-servizio-parte-comune>
