<?xml version="1.0" encoding="UTF-8" standalone="yes"?>
<fruitore xmlns="http://www.openspcoop2.org/core/registry" tipo="modipa" nome="" ora-registrazione="2025-02-21T16:36:26.686+01:00">
    <connettore tipo="https" nome="CNT_SF_modipa/@OPENSPCOOP2_NOME_SOGGETTO@_modipa/INI_modipa/DocumentRegistry/1">
        <property nome="debug" valore="false"/>
        <property nome="location" valore="https://@INI_ID_AMBIENTE@/FSEInteroperabilitaWeb/DocumentRegistry_Service"/>
        <property nome="sslType" valore="TLSv1.3"/>
        <property nome="hostnameVerifier" valore="true"/>
        <property nome="trustAllCerts" valore="false"/>
        <property nome="trustStoreLocation" valore="/etc/govway/truststore/@INI_TRUSTSTORE_PATH@"/>
        <property nome="trustStoreType" valore="jks"/>
        <property nome="trustStorePassword" valore="@INI_TRUSTSTORE_PASSWORD@"/>
        <property nome="trustManagementAlgorithm" valore="PKIX"/>
        <property nome="keyManagementAlgorithm" valore="SunX509"/>
        <property nome="keyStoreLocation" valore="/etc/govway/keystore/@INI_KEYSTORE_PATH@"/>
        <property nome="keyStoreType" valore="@INI_KEYSTORE_TYPE@"/>
        <property nome="keyStorePassword" valore="@INI_KEYSTORE_PASSWORD@"/>
        <property nome="keyPassword" valore="@INI_KEYSTORE_PASSWORD@"/>
    </connettore>
    <proprieta-oggetto utente-richiedente="amministratore" data-creazione="2025-02-21T16:36:26.722+01:00" utente-ultima-modifica="amministratore" data-ultima-modifica="2025-02-24T22:52:36.593+01:00"/>
</fruitore>
